tags,elapsed_s,start_unix,end_unix
"['initialize-parser', '2a2f70d5-03bf-46ab-a71d-d56124dfe4dc']",144.50,1713121676.17,1713121820.67
"['initialize-parser', '9c8a8392-0dd6-456e-90be-d9b8e144dc78']",144.12,1713121676.55,1713121820.67
"['initialize-parser', '32c44aea-13ef-4199-ad3c-767c3a4aa4d8']",144.40,1713121676.27,1713121820.67
"['initialize-parser', '47982988-ecdc-4573-a98c-96b9431ee210']",144.19,1713121676.47,1713121820.67
"['initialize-parser', 'b08e83e6-0254-4e20-b8b0-ef65070206f6']",144.12,1713121676.54,1713121820.67
"['initialize-parser', 'f9316069-4b7f-40b0-bd77-d1cb98c03c8a']",143.98,1713121676.69,1713121820.67
"['initialize-parser', '194db21a-d9bd-48fa-b986-210295eaa9ad']",144.36,1713121676.31,1713121820.67
"['initialize-parser', '9cfc25f9-3a00-4e90-b4a3-e80c254090e5']",144.34,1713121676.33,1713121820.67
"['parser-parse', 'f9316069-4b7f-40b0-bd77-d1cb98c03c8a']",72.68,1713121820.67,1713121893.35
"['write-jsonl', 'f9316069-4b7f-40b0-bd77-d1cb98c03c8a']",0.01,1713121893.35,1713121893.35
"['parse-pdfs', '/lus/eagle/projects/tpc/braceal/metric-rag/data/raw_pdfs/scaling-data/zip-scaling-data/10pdfs-34619.zip']",216.67,1713121676.69,1713121893.35
"['finished-parsing', '/lus/eagle/projects/tpc/braceal/metric-rag/data/raw_pdfs/scaling-data/zip-scaling-data/10pdfs-34619.zip']",217.83,1713121675.52,1713121893.36
"['initialize-parser', 'cca8f1a9-778c-4736-ae7a-40fdec4b4ee3']",0.00,1713121894.02,1713121894.02
"['parser-parse', '2a2f70d5-03bf-46ab-a71d-d56124dfe4dc']",72.69,1713121820.67,1713121893.36
"['write-jsonl', '2a2f70d5-03bf-46ab-a71d-d56124dfe4dc']",0.00,1713121893.36,1713121893.37
"['parse-pdfs', '/lus/eagle/projects/tpc/braceal/metric-rag/data/raw_pdfs/scaling-data/zip-scaling-data/10pdfs-36859.zip']",217.20,1713121676.17,1713121893.37
"['finished-parsing', '/lus/eagle/projects/tpc/braceal/metric-rag/data/raw_pdfs/scaling-data/zip-scaling-data/10pdfs-36859.zip']",217.87,1713121675.50,1713121893.37
"['initialize-parser', '90046484-9f34-45d0-b6f1-27af96aaea10']",0.00,1713121894.18,1713121894.18
"['parser-parse', '9c8a8392-0dd6-456e-90be-d9b8e144dc78']",72.69,1713121820.67,1713121893.36
"['write-jsonl', '9c8a8392-0dd6-456e-90be-d9b8e144dc78']",0.00,1713121893.36,1713121893.36
"['parse-pdfs', '/lus/eagle/projects/tpc/braceal/metric-rag/data/raw_pdfs/scaling-data/zip-scaling-data/10pdfs-12296.zip']",216.81,1713121676.55,1713121893.36
"['finished-parsing', '/lus/eagle/projects/tpc/braceal/metric-rag/data/raw_pdfs/scaling-data/zip-scaling-data/10pdfs-12296.zip']",217.87,1713121675.50,1713121893.36
"['initialize-parser', '042db4af-21fb-4183-bf6a-d62b51b9da79']",0.00,1713121894.29,1713121894.29
"['parser-parse', 'b08e83e6-0254-4e20-b8b0-ef65070206f6']",72.70,1713121820.67,1713121893.36
"['write-jsonl', 'b08e83e6-0254-4e20-b8b0-ef65070206f6']",0.00,1713121893.36,1713121893.37
"['parse-pdfs', '/lus/eagle/projects/tpc/braceal/metric-rag/data/raw_pdfs/scaling-data/zip-scaling-data/10pdfs-16783.zip']",216.82,1713121676.54,1713121893.37
"['finished-parsing', '/lus/eagle/projects/tpc/braceal/metric-rag/data/raw_pdfs/scaling-data/zip-scaling-data/10pdfs-16783.zip']",217.85,1713121675.52,1713121893.37
"['initialize-parser', 'eda13258-884e-4820-bb44-1f838daff1d1']",0.00,1713121894.34,1713121894.34
"['parser-parse', '9cfc25f9-3a00-4e90-b4a3-e80c254090e5']",72.72,1713121820.67,1713121893.39
"['write-jsonl', '9cfc25f9-3a00-4e90-b4a3-e80c254090e5']",0.00,1713121893.39,1713121893.39
"['parse-pdfs', '/lus/eagle/projects/tpc/braceal/metric-rag/data/raw_pdfs/scaling-data/zip-scaling-data/10pdfs-16628.zip']",217.06,1713121676.33,1713121893.39
"['finished-parsing', '/lus/eagle/projects/tpc/braceal/metric-rag/data/raw_pdfs/scaling-data/zip-scaling-data/10pdfs-16628.zip']",217.87,1713121675.52,1713121893.40
"['initialize-parser', '813d592c-e03a-4aa8-91b9-c81d7b210dbb']",0.00,1713121894.35,1713121894.35
"['parser-parse', '47982988-ecdc-4573-a98c-96b9431ee210']",72.73,1713121820.67,1713121893.39
"['write-jsonl', '47982988-ecdc-4573-a98c-96b9431ee210']",0.00,1713121893.39,1713121893.40
"['parse-pdfs', '/lus/eagle/projects/tpc/braceal/metric-rag/data/raw_pdfs/scaling-data/zip-scaling-data/10pdfs-1045.zip']",216.93,1713121676.47,1713121893.40
"['finished-parsing', '/lus/eagle/projects/tpc/braceal/metric-rag/data/raw_pdfs/scaling-data/zip-scaling-data/10pdfs-1045.zip']",217.90,1713121675.50,1713121893.40
"['initialize-parser', 'a7585a8f-0ebd-4a10-a346-183ba7f11732']",0.00,1713121894.37,1713121894.37
"['parser-parse', '32c44aea-13ef-4199-ad3c-767c3a4aa4d8']",72.73,1713121820.67,1713121893.40
"['write-jsonl', '32c44aea-13ef-4199-ad3c-767c3a4aa4d8']",0.00,1713121893.40,1713121893.40
"['parse-pdfs', '/lus/eagle/projects/tpc/braceal/metric-rag/data/raw_pdfs/scaling-data/zip-scaling-data/10pdfs-3667.zip']",217.13,1713121676.27,1713121893.40
"['finished-parsing', '/lus/eagle/projects/tpc/braceal/metric-rag/data/raw_pdfs/scaling-data/zip-scaling-data/10pdfs-3667.zip']",217.91,1713121675.50,1713121893.40
"['initialize-parser', '829161a0-ee9c-4ed8-a490-6e423e199b7b']",0.00,1713121894.51,1713121894.51
"['parser-parse', '194db21a-d9bd-48fa-b986-210295eaa9ad']",72.71,1713121820.67,1713121893.38
"['write-jsonl', '194db21a-d9bd-48fa-b986-210295eaa9ad']",0.00,1713121893.38,1713121893.38
"['parse-pdfs', '/lus/eagle/projects/tpc/braceal/metric-rag/data/raw_pdfs/scaling-data/zip-scaling-data/10pdfs-14636.zip']",217.08,1713121676.30,1713121893.38
"['finished-parsing', '/lus/eagle/projects/tpc/braceal/metric-rag/data/raw_pdfs/scaling-data/zip-scaling-data/10pdfs-14636.zip']",217.86,1713121675.52,1713121893.38
"['initialize-parser', 'abbd1e0a-f4e8-4f59-858f-2d90e08da9bc']",0.00,1713121894.66,1713121894.66
"['parser-parse', 'eda13258-884e-4820-bb44-1f838daff1d1']",56.29,1713121894.34,1713121950.63
"['write-jsonl', 'eda13258-884e-4820-bb44-1f838daff1d1']",0.00,1713121950.63,1713121950.63
"['parse-pdfs', '/lus/eagle/projects/tpc/braceal/metric-rag/data/raw_pdfs/scaling-data/zip-scaling-data/10pdfs-16846.zip']",56.29,1713121894.34,1713121950.63
"['finished-parsing', '/lus/eagle/projects/tpc/braceal/metric-rag/data/raw_pdfs/scaling-data/zip-scaling-data/10pdfs-16846.zip']",57.25,1713121893.38,1713121950.63
"['initialize-parser', '0fceb49e-452d-4d40-9e44-d4eb3adbfa62']",0.00,1713121952.19,1713121952.19
"['parser-parse', '90046484-9f34-45d0-b6f1-27af96aaea10']",56.78,1713121894.18,1713121950.96
"['write-jsonl', '90046484-9f34-45d0-b6f1-27af96aaea10']",0.00,1713121950.96,1713121950.96
"['parse-pdfs', '/lus/eagle/projects/tpc/braceal/metric-rag/data/raw_pdfs/scaling-data/zip-scaling-data/10pdfs-36603.zip']",56.78,1713121894.18,1713121950.96
"['finished-parsing', '/lus/eagle/projects/tpc/braceal/metric-rag/data/raw_pdfs/scaling-data/zip-scaling-data/10pdfs-36603.zip']",57.58,1713121893.38,1713121950.96
"['initialize-parser', '39cbff4e-d502-4865-9483-6cbc68536faf']",0.00,1713121952.54,1713121952.54
"['parser-parse', 'cca8f1a9-778c-4736-ae7a-40fdec4b4ee3']",57.10,1713121894.02,1713121951.12
"['write-jsonl', 'cca8f1a9-778c-4736-ae7a-40fdec4b4ee3']",0.00,1713121951.12,1713121951.13
"['parse-pdfs', '/lus/eagle/projects/tpc/braceal/metric-rag/data/raw_pdfs/scaling-data/zip-scaling-data/10pdfs-40165.zip']",57.10,1713121894.02,1713121951.13
"['finished-parsing', '/lus/eagle/projects/tpc/braceal/metric-rag/data/raw_pdfs/scaling-data/zip-scaling-data/10pdfs-40165.zip']",57.76,1713121893.37,1713121951.13
"['initialize-parser', 'f528c6b0-6052-47aa-b6fc-202d75ad925e']",0.00,1713121952.66,1713121952.66
"['parser-parse', '042db4af-21fb-4183-bf6a-d62b51b9da79']",57.34,1713121894.29,1713121951.63
"['write-jsonl', '042db4af-21fb-4183-bf6a-d62b51b9da79']",0.00,1713121951.63,1713121951.63
"['parse-pdfs', '/lus/eagle/projects/tpc/braceal/metric-rag/data/raw_pdfs/scaling-data/zip-scaling-data/10pdfs-10391.zip']",57.34,1713121894.29,1713121951.63
"['finished-parsing', '/lus/eagle/projects/tpc/braceal/metric-rag/data/raw_pdfs/scaling-data/zip-scaling-data/10pdfs-10391.zip']",58.25,1713121893.38,1713121951.63
"['initialize-parser', 'e6bf02ae-67a1-4c23-a070-5d0b328b254a']",0.00,1713121953.16,1713121953.16
"['parser-parse', '829161a0-ee9c-4ed8-a490-6e423e199b7b']",57.37,1713121894.51,1713121951.88
"['write-jsonl', '829161a0-ee9c-4ed8-a490-6e423e199b7b']",0.00,1713121951.88,1713121951.88
"['parse-pdfs', '/lus/eagle/projects/tpc/braceal/metric-rag/data/raw_pdfs/scaling-data/zip-scaling-data/10pdfs-36164.zip']",57.37,1713121894.51,1713121951.88
"['finished-parsing', '/lus/eagle/projects/tpc/braceal/metric-rag/data/raw_pdfs/scaling-data/zip-scaling-data/10pdfs-36164.zip']",58.47,1713121893.42,1713121951.89
"['initialize-parser', 'da0dad80-7038-48da-a8ad-c4efc2fcdafa']",0.00,1713121953.48,1713121953.48
"['parser-parse', 'abbd1e0a-f4e8-4f59-858f-2d90e08da9bc']",57.94,1713121894.66,1713121952.60
"['write-jsonl', 'abbd1e0a-f4e8-4f59-858f-2d90e08da9bc']",0.00,1713121952.60,1713121952.60
"['parse-pdfs', '/lus/eagle/projects/tpc/braceal/metric-rag/data/raw_pdfs/scaling-data/zip-scaling-data/10pdfs-20632.zip']",57.94,1713121894.66,1713121952.60
"['finished-parsing', '/lus/eagle/projects/tpc/braceal/metric-rag/data/raw_pdfs/scaling-data/zip-scaling-data/10pdfs-20632.zip']",59.21,1713121893.40,1713121952.61
"['initialize-parser', 'acc51bbd-cecb-4cc7-a6c9-990c8f5af5e7']",0.00,1713121954.16,1713121954.16
"['parser-parse', 'a7585a8f-0ebd-4a10-a346-183ba7f11732']",58.34,1713121894.37,1713121952.71
"['write-jsonl', 'a7585a8f-0ebd-4a10-a346-183ba7f11732']",0.00,1713121952.71,1713121952.72
"['parse-pdfs', '/lus/eagle/projects/tpc/braceal/metric-rag/data/raw_pdfs/scaling-data/zip-scaling-data/10pdfs-14814.zip']",58.34,1713121894.37,1713121952.72
"['finished-parsing', '/lus/eagle/projects/tpc/braceal/metric-rag/data/raw_pdfs/scaling-data/zip-scaling-data/10pdfs-14814.zip']",59.30,1713121893.42,1713121952.72
"['initialize-parser', 'b73f0e5b-9204-43ed-a980-a530cfded28b']",0.00,1713121954.28,1713121954.28
"['parser-parse', '813d592c-e03a-4aa8-91b9-c81d7b210dbb']",58.61,1713121894.35,1713121952.96
"['write-jsonl', '813d592c-e03a-4aa8-91b9-c81d7b210dbb']",0.00,1713121952.96,1713121952.96
"['parse-pdfs', '/lus/eagle/projects/tpc/braceal/metric-rag/data/raw_pdfs/scaling-data/zip-scaling-data/10pdfs-11876.zip']",58.61,1713121894.35,1713121952.96
"['finished-parsing', '/lus/eagle/projects/tpc/braceal/metric-rag/data/raw_pdfs/scaling-data/zip-scaling-data/10pdfs-11876.zip']",59.56,1713121893.40,1713121952.96
"['initialize-parser', '7619af04-5665-46b5-a682-9e1696c9221d']",0.00,1713121954.50,1713121954.50
"['parser-parse', '0fceb49e-452d-4d40-9e44-d4eb3adbfa62']",55.57,1713121952.19,1713122007.76
"['write-jsonl', '0fceb49e-452d-4d40-9e44-d4eb3adbfa62']",0.00,1713122007.76,1713122007.76
"['parse-pdfs', '/lus/eagle/projects/tpc/braceal/metric-rag/data/raw_pdfs/scaling-data/zip-scaling-data/10pdfs-39284.zip']",55.57,1713121952.19,1713122007.76
"['finished-parsing', '/lus/eagle/projects/tpc/braceal/metric-rag/data/raw_pdfs/scaling-data/zip-scaling-data/10pdfs-39284.zip']",57.12,1713121950.64,1713122007.77
"['initialize-parser', 'ce56bd23-4c2e-4ff9-9d67-f16163731a03']",0.00,1713122009.35,1713122009.35
"['parser-parse', 'f528c6b0-6052-47aa-b6fc-202d75ad925e']",55.95,1713121952.66,1713122008.61
"['write-jsonl', 'f528c6b0-6052-47aa-b6fc-202d75ad925e']",0.00,1713122008.61,1713122008.61
"['parse-pdfs', '/lus/eagle/projects/tpc/braceal/metric-rag/data/raw_pdfs/scaling-data/zip-scaling-data/10pdfs-21503.zip']",55.95,1713121952.66,1713122008.61
"['finished-parsing', '/lus/eagle/projects/tpc/braceal/metric-rag/data/raw_pdfs/scaling-data/zip-scaling-data/10pdfs-21503.zip']",57.47,1713121951.14,1713122008.61
"['initialize-parser', '8f9b3777-082e-460e-b929-027a834435a0']",0.00,1713122010.15,1713122010.15
"['parser-parse', '39cbff4e-d502-4865-9483-6cbc68536faf']",56.68,1713121952.54,1713122009.22
"['write-jsonl', '39cbff4e-d502-4865-9483-6cbc68536faf']",0.00,1713122009.22,1713122009.23
"['parse-pdfs', '/lus/eagle/projects/tpc/braceal/metric-rag/data/raw_pdfs/scaling-data/zip-scaling-data/10pdfs-26287.zip']",56.68,1713121952.54,1713122009.23
"['finished-parsing', '/lus/eagle/projects/tpc/braceal/metric-rag/data/raw_pdfs/scaling-data/zip-scaling-data/10pdfs-26287.zip']",58.26,1713121950.97,1713122009.23
"['initialize-parser', '251d231b-8db7-4c97-964a-5478a95c1628']",0.00,1713122010.78,1713122010.78
"['parser-parse', 'e6bf02ae-67a1-4c23-a070-5d0b328b254a']",56.45,1713121953.16,1713122009.62
"['write-jsonl', 'e6bf02ae-67a1-4c23-a070-5d0b328b254a']",0.00,1713122009.62,1713122009.62
"['parse-pdfs', '/lus/eagle/projects/tpc/braceal/metric-rag/data/raw_pdfs/scaling-data/zip-scaling-data/10pdfs-19103.zip']",56.45,1713121953.16,1713122009.62
"['finished-parsing', '/lus/eagle/projects/tpc/braceal/metric-rag/data/raw_pdfs/scaling-data/zip-scaling-data/10pdfs-19103.zip']",57.98,1713121951.64,1713122009.62
"['initialize-parser', '3c5ae00b-66dc-4cc9-ab09-981c539bd491']",0.00,1713122011.15,1713122011.15
"['parser-parse', 'acc51bbd-cecb-4cc7-a6c9-990c8f5af5e7']",56.85,1713121954.16,1713122011.01
"['write-jsonl', 'acc51bbd-cecb-4cc7-a6c9-990c8f5af5e7']",0.00,1713122011.01,1713122011.01
"['parse-pdfs', '/lus/eagle/projects/tpc/braceal/metric-rag/data/raw_pdfs/scaling-data/zip-scaling-data/10pdfs-13893.zip']",56.85,1713121954.16,1713122011.01
"['finished-parsing', '/lus/eagle/projects/tpc/braceal/metric-rag/data/raw_pdfs/scaling-data/zip-scaling-data/10pdfs-13893.zip']",58.39,1713121952.62,1713122011.01
"['initialize-parser', '63e3957a-4d01-4fc0-b7fb-2f49202795d2']",0.00,1713122012.56,1713122012.56
"['parser-parse', '7619af04-5665-46b5-a682-9e1696c9221d']",57.09,1713121954.50,1713122011.59
"['write-jsonl', '7619af04-5665-46b5-a682-9e1696c9221d']",0.00,1713122011.59,1713122011.59
"['parse-pdfs', '/lus/eagle/projects/tpc/braceal/metric-rag/data/raw_pdfs/scaling-data/zip-scaling-data/10pdfs-9067.zip']",57.10,1713121954.50,1713122011.59
"['finished-parsing', '/lus/eagle/projects/tpc/braceal/metric-rag/data/raw_pdfs/scaling-data/zip-scaling-data/10pdfs-9067.zip']",58.62,1713121952.97,1713122011.60
"['initialize-parser', '26a02a27-4194-465a-bfb7-c863cb09846a']",0.00,1713122013.13,1713122013.13
"['parser-parse', 'da0dad80-7038-48da-a8ad-c4efc2fcdafa']",58.15,1713121953.48,1713122011.63
"['write-jsonl', 'da0dad80-7038-48da-a8ad-c4efc2fcdafa']",0.00,1713122011.63,1713122011.63
"['parse-pdfs', '/lus/eagle/projects/tpc/braceal/metric-rag/data/raw_pdfs/scaling-data/zip-scaling-data/10pdfs-32229.zip']",58.15,1713121953.48,1713122011.63
"['finished-parsing', '/lus/eagle/projects/tpc/braceal/metric-rag/data/raw_pdfs/scaling-data/zip-scaling-data/10pdfs-32229.zip']",59.73,1713121951.90,1713122011.63
"['initialize-parser', '43f60bca-5170-496d-9bba-7b278bee6850']",0.00,1713122013.18,1713122013.18
"['parser-parse', 'b73f0e5b-9204-43ed-a980-a530cfded28b']",57.37,1713121954.28,1713122011.65
"['write-jsonl', 'b73f0e5b-9204-43ed-a980-a530cfded28b']",0.00,1713122011.65,1713122011.65
"['parse-pdfs', '/lus/eagle/projects/tpc/braceal/metric-rag/data/raw_pdfs/scaling-data/zip-scaling-data/10pdfs-16287.zip']",57.37,1713121954.28,1713122011.65
"['finished-parsing', '/lus/eagle/projects/tpc/braceal/metric-rag/data/raw_pdfs/scaling-data/zip-scaling-data/10pdfs-16287.zip']",58.92,1713121952.73,1713122011.65
"['initialize-parser', 'fa2176eb-f021-4bfb-b948-835b6f5db7ae']",0.00,1713122013.19,1713122013.19
"['parser-parse', 'ce56bd23-4c2e-4ff9-9d67-f16163731a03']",56.18,1713122009.35,1713122065.53
"['write-jsonl', 'ce56bd23-4c2e-4ff9-9d67-f16163731a03']",0.00,1713122065.53,1713122065.53
"['parse-pdfs', '/lus/eagle/projects/tpc/braceal/metric-rag/data/raw_pdfs/scaling-data/zip-scaling-data/10pdfs-16566.zip']",56.19,1713122009.35,1713122065.53
"['finished-parsing', '/lus/eagle/projects/tpc/braceal/metric-rag/data/raw_pdfs/scaling-data/zip-scaling-data/10pdfs-16566.zip']",57.77,1713122007.77,1713122065.54
"['initialize-parser', 'f3d2201f-7896-42fd-9d67-ae9ae10941ce']",0.00,1713122067.07,1713122067.07
"['parser-parse', '8f9b3777-082e-460e-b929-027a834435a0']",55.64,1713122010.15,1713122065.79
"['write-jsonl', '8f9b3777-082e-460e-b929-027a834435a0']",0.00,1713122065.79,1713122065.79
"['parse-pdfs', '/lus/eagle/projects/tpc/braceal/metric-rag/data/raw_pdfs/scaling-data/zip-scaling-data/10pdfs-33601.zip']",55.64,1713122010.15,1713122065.79
"['finished-parsing', '/lus/eagle/projects/tpc/braceal/metric-rag/data/raw_pdfs/scaling-data/zip-scaling-data/10pdfs-33601.zip']",57.17,1713122008.62,1713122065.79
"['initialize-parser', '9fae2f93-0354-48d3-8241-3a5426622e0e']",0.00,1713122067.32,1713122067.32
"['parser-parse', '251d231b-8db7-4c97-964a-5478a95c1628']",56.18,1713122010.78,1713122066.96
"['write-jsonl', '251d231b-8db7-4c97-964a-5478a95c1628']",0.00,1713122066.96,1713122066.96
"['parse-pdfs', '/lus/eagle/projects/tpc/braceal/metric-rag/data/raw_pdfs/scaling-data/zip-scaling-data/10pdfs-17150.zip']",56.18,1713122010.78,1713122066.96
"['finished-parsing', '/lus/eagle/projects/tpc/braceal/metric-rag/data/raw_pdfs/scaling-data/zip-scaling-data/10pdfs-17150.zip']",57.72,1713122009.24,1713122066.96
"['initialize-parser', '3c2a6483-e14f-4869-a221-b326ed346d1c']",0.00,1713122068.49,1713122068.49
"['parser-parse', '3c5ae00b-66dc-4cc9-ab09-981c539bd491']",56.18,1713122011.15,1713122067.33
"['write-jsonl', '3c5ae00b-66dc-4cc9-ab09-981c539bd491']",0.00,1713122067.33,1713122067.33
"['parse-pdfs', '/lus/eagle/projects/tpc/braceal/metric-rag/data/raw_pdfs/scaling-data/zip-scaling-data/10pdfs-2843.zip']",56.18,1713122011.15,1713122067.33
"['finished-parsing', '/lus/eagle/projects/tpc/braceal/metric-rag/data/raw_pdfs/scaling-data/zip-scaling-data/10pdfs-2843.zip']",57.70,1713122009.63,1713122067.33
"['initialize-parser', '340464d7-1be5-4b9e-ad43-071b9b4eba86']",0.00,1713122068.86,1713122068.86
"['parser-parse', '63e3957a-4d01-4fc0-b7fb-2f49202795d2']",56.53,1713122012.56,1713122069.09
"['write-jsonl', '63e3957a-4d01-4fc0-b7fb-2f49202795d2']",0.00,1713122069.09,1713122069.10
"['parse-pdfs', '/lus/eagle/projects/tpc/braceal/metric-rag/data/raw_pdfs/scaling-data/zip-scaling-data/10pdfs-435.zip']",56.53,1713122012.56,1713122069.10
"['finished-parsing', '/lus/eagle/projects/tpc/braceal/metric-rag/data/raw_pdfs/scaling-data/zip-scaling-data/10pdfs-435.zip']",58.08,1713122011.02,1713122069.10
"['initialize-parser', 'f9f5056b-5fae-49ff-8c25-8722ab4ddc4a']",0.00,1713122070.64,1713122070.64
"['parser-parse', '26a02a27-4194-465a-bfb7-c863cb09846a']",56.52,1713122013.13,1713122069.65
"['write-jsonl', '26a02a27-4194-465a-bfb7-c863cb09846a']",0.00,1713122069.65,1713122069.65
"['parse-pdfs', '/lus/eagle/projects/tpc/braceal/metric-rag/data/raw_pdfs/scaling-data/zip-scaling-data/10pdfs-12843.zip']",56.53,1713122013.13,1713122069.65
"['finished-parsing', '/lus/eagle/projects/tpc/braceal/metric-rag/data/raw_pdfs/scaling-data/zip-scaling-data/10pdfs-12843.zip']",58.05,1713122011.61,1713122069.66
"['initialize-parser', '66511b1b-d3ef-4312-975a-16f7e4becdb0']",0.00,1713122071.18,1713122071.18
"['parser-parse', 'fa2176eb-f021-4bfb-b948-835b6f5db7ae']",57.53,1713122013.19,1713122070.72
"['write-jsonl', 'fa2176eb-f021-4bfb-b948-835b6f5db7ae']",0.00,1713122070.72,1713122070.72
"['parse-pdfs', '/lus/eagle/projects/tpc/braceal/metric-rag/data/raw_pdfs/scaling-data/zip-scaling-data/10pdfs-20577.zip']",57.54,1713122013.19,1713122070.72
"['finished-parsing', '/lus/eagle/projects/tpc/braceal/metric-rag/data/raw_pdfs/scaling-data/zip-scaling-data/10pdfs-20577.zip']",59.06,1713122011.66,1713122070.73
"['initialize-parser', '894f7a58-8162-43ed-9a18-574f83b1c28f']",0.00,1713122072.28,1713122072.28
"['parser-parse', '43f60bca-5170-496d-9bba-7b278bee6850']",57.55,1713122013.18,1713122070.72
"['write-jsonl', '43f60bca-5170-496d-9bba-7b278bee6850']",0.00,1713122070.72,1713122070.73
"['parse-pdfs', '/lus/eagle/projects/tpc/braceal/metric-rag/data/raw_pdfs/scaling-data/zip-scaling-data/10pdfs-35552.zip']",57.55,1713122013.18,1713122070.73
"['finished-parsing', '/lus/eagle/projects/tpc/braceal/metric-rag/data/raw_pdfs/scaling-data/zip-scaling-data/10pdfs-35552.zip']",59.09,1713122011.64,1713122070.73
"['initialize-parser', '5bc71f3c-b650-4086-ad99-a9713d0ff811']",0.00,1713122072.29,1713122072.29
"['parser-parse', 'f3d2201f-7896-42fd-9d67-ae9ae10941ce']",56.06,1713122067.07,1713122123.13
"['write-jsonl', 'f3d2201f-7896-42fd-9d67-ae9ae10941ce']",0.00,1713122123.13,1713122123.13
"['parse-pdfs', '/lus/eagle/projects/tpc/braceal/metric-rag/data/raw_pdfs/scaling-data/zip-scaling-data/10pdfs-9488.zip']",56.06,1713122067.07,1713122123.13
"['finished-parsing', '/lus/eagle/projects/tpc/braceal/metric-rag/data/raw_pdfs/scaling-data/zip-scaling-data/10pdfs-9488.zip']",57.59,1713122065.55,1713122123.13
"['initialize-parser', 'd3327293-20d1-4c93-8d06-603f3ddce572']",0.00,1713122124.62,1713122124.62
"['parser-parse', '9fae2f93-0354-48d3-8241-3a5426622e0e']",55.95,1713122067.32,1713122123.27
"['write-jsonl', '9fae2f93-0354-48d3-8241-3a5426622e0e']",0.00,1713122123.27,1713122123.27
"['parse-pdfs', '/lus/eagle/projects/tpc/braceal/metric-rag/data/raw_pdfs/scaling-data/zip-scaling-data/10pdfs-16332.zip']",55.95,1713122067.32,1713122123.27
"['finished-parsing', '/lus/eagle/projects/tpc/braceal/metric-rag/data/raw_pdfs/scaling-data/zip-scaling-data/10pdfs-16332.zip']",57.47,1713122065.81,1713122123.28
"['initialize-parser', 'bba1437b-6cad-4700-9f72-7af903ed93e3']",0.00,1713122124.79,1713122124.79
"['parser-parse', '3c2a6483-e14f-4869-a221-b326ed346d1c']",55.73,1713122068.49,1713122124.22
"['write-jsonl', '3c2a6483-e14f-4869-a221-b326ed346d1c']",0.00,1713122124.22,1713122124.22
"['parse-pdfs', '/lus/eagle/projects/tpc/braceal/metric-rag/data/raw_pdfs/scaling-data/zip-scaling-data/10pdfs-34457.zip']",55.73,1713122068.49,1713122124.22
"['finished-parsing', '/lus/eagle/projects/tpc/braceal/metric-rag/data/raw_pdfs/scaling-data/zip-scaling-data/10pdfs-34457.zip']",57.25,1713122066.97,1713122124.22
"['initialize-parser', '4c4cb76e-ecf0-4d81-a97d-1b16c86e66ff']",0.00,1713122125.76,1713122125.76
"['parser-parse', '340464d7-1be5-4b9e-ad43-071b9b4eba86']",55.97,1713122068.86,1713122124.83
"['write-jsonl', '340464d7-1be5-4b9e-ad43-071b9b4eba86']",0.01,1713122124.83,1713122124.84
"['parse-pdfs', '/lus/eagle/projects/tpc/braceal/metric-rag/data/raw_pdfs/scaling-data/zip-scaling-data/10pdfs-10339.zip']",55.98,1713122068.86,1713122124.84
"['finished-parsing', '/lus/eagle/projects/tpc/braceal/metric-rag/data/raw_pdfs/scaling-data/zip-scaling-data/10pdfs-10339.zip']",57.50,1713122067.34,1713122124.84
"['initialize-parser', 'df248b1f-24d8-4b52-9e84-c9a4cbeea7f4']",0.00,1713122126.38,1713122126.38
"['parser-parse', 'f9f5056b-5fae-49ff-8c25-8722ab4ddc4a']",56.73,1713122070.64,1713122127.37
"['write-jsonl', 'f9f5056b-5fae-49ff-8c25-8722ab4ddc4a']",0.00,1713122127.37,1713122127.37
"['parse-pdfs', '/lus/eagle/projects/tpc/braceal/metric-rag/data/raw_pdfs/scaling-data/zip-scaling-data/10pdfs-38986.zip']",56.74,1713122070.64,1713122127.37
"['finished-parsing', '/lus/eagle/projects/tpc/braceal/metric-rag/data/raw_pdfs/scaling-data/zip-scaling-data/10pdfs-38986.zip']",58.26,1713122069.11,1713122127.38
"['initialize-parser', '3251c15e-37a9-4c69-b1df-c3b8215b7688']",0.00,1713122128.92,1713122128.92
"['parser-parse', '66511b1b-d3ef-4312-975a-16f7e4becdb0']",56.87,1713122071.18,1713122128.05
"['write-jsonl', '66511b1b-d3ef-4312-975a-16f7e4becdb0']",0.00,1713122128.05,1713122128.05
"['parse-pdfs', '/lus/eagle/projects/tpc/braceal/metric-rag/data/raw_pdfs/scaling-data/zip-scaling-data/10pdfs-25361.zip']",56.87,1713122071.18,1713122128.05
"['finished-parsing', '/lus/eagle/projects/tpc/braceal/metric-rag/data/raw_pdfs/scaling-data/zip-scaling-data/10pdfs-25361.zip']",58.39,1713122069.67,1713122128.06
"['initialize-parser', '8d2c2a87-15fd-4bff-abdf-7220bec808d1']",0.00,1713122129.61,1713122129.61
"['parser-parse', '5bc71f3c-b650-4086-ad99-a9713d0ff811']",57.14,1713122072.29,1713122129.43
"['write-jsonl', '5bc71f3c-b650-4086-ad99-a9713d0ff811']",0.00,1713122129.43,1713122129.43
"['parse-pdfs', '/lus/eagle/projects/tpc/braceal/metric-rag/data/raw_pdfs/scaling-data/zip-scaling-data/10pdfs-25828.zip']",57.14,1713122072.29,1713122129.43
"['finished-parsing', '/lus/eagle/projects/tpc/braceal/metric-rag/data/raw_pdfs/scaling-data/zip-scaling-data/10pdfs-25828.zip']",58.69,1713122070.74,1713122129.43
"['initialize-parser', '15841aa5-d53e-4271-b0de-4e48a45c1e8a']",0.00,1713122130.96,1713122130.96
"['parser-parse', '894f7a58-8162-43ed-9a18-574f83b1c28f']",57.25,1713122072.28,1713122129.53
"['write-jsonl', '894f7a58-8162-43ed-9a18-574f83b1c28f']",0.00,1713122129.53,1713122129.53
"['parse-pdfs', '/lus/eagle/projects/tpc/braceal/metric-rag/data/raw_pdfs/scaling-data/zip-scaling-data/10pdfs-22760.zip']",57.26,1713122072.28,1713122129.53
"['finished-parsing', '/lus/eagle/projects/tpc/braceal/metric-rag/data/raw_pdfs/scaling-data/zip-scaling-data/10pdfs-22760.zip']",58.79,1713122070.74,1713122129.53
"['initialize-parser', '11d454a3-9d90-48e2-9016-dcd34516335b']",0.00,1713122131.06,1713122131.06
"['parser-parse', 'd3327293-20d1-4c93-8d06-603f3ddce572']",56.43,1713122124.62,1713122181.05
"['write-jsonl', 'd3327293-20d1-4c93-8d06-603f3ddce572']",0.00,1713122181.05,1713122181.05
"['parse-pdfs', '/lus/eagle/projects/tpc/braceal/metric-rag/data/raw_pdfs/scaling-data/zip-scaling-data/10pdfs-15797.zip']",56.43,1713122124.62,1713122181.05
"['finished-parsing', '/lus/eagle/projects/tpc/braceal/metric-rag/data/raw_pdfs/scaling-data/zip-scaling-data/10pdfs-15797.zip']",57.92,1713122123.14,1713122181.05
"['initialize-parser', '3200e4be-3810-4887-8527-e28bf9c94a81']",0.00,1713122182.61,1713122182.61
"['parser-parse', 'bba1437b-6cad-4700-9f72-7af903ed93e3']",56.29,1713122124.79,1713122181.08
"['write-jsonl', 'bba1437b-6cad-4700-9f72-7af903ed93e3']",0.01,1713122181.08,1713122181.09
"['parse-pdfs', '/lus/eagle/projects/tpc/braceal/metric-rag/data/raw_pdfs/scaling-data/zip-scaling-data/10pdfs-34889.zip']",56.30,1713122124.79,1713122181.09
"['finished-parsing', '/lus/eagle/projects/tpc/braceal/metric-rag/data/raw_pdfs/scaling-data/zip-scaling-data/10pdfs-34889.zip']",57.80,1713122123.29,1713122181.09
"['initialize-parser', 'a49bfab6-4306-4b01-8422-1a780ffac642']",0.00,1713122182.62,1713122182.62
"['parser-parse', '4c4cb76e-ecf0-4d81-a97d-1b16c86e66ff']",55.96,1713122125.76,1713122181.72
"['write-jsonl', '4c4cb76e-ecf0-4d81-a97d-1b16c86e66ff']",0.00,1713122181.72,1713122181.73
"['parse-pdfs', '/lus/eagle/projects/tpc/braceal/metric-rag/data/raw_pdfs/scaling-data/zip-scaling-data/10pdfs-30064.zip']",55.97,1713122125.76,1713122181.73
"['finished-parsing', '/lus/eagle/projects/tpc/braceal/metric-rag/data/raw_pdfs/scaling-data/zip-scaling-data/10pdfs-30064.zip']",57.49,1713122124.24,1713122181.73
"['initialize-parser', '950e86eb-3c8f-4f8f-8a5e-853d3f9f5529']",0.00,1713122183.28,1713122183.28
"['parser-parse', 'df248b1f-24d8-4b52-9e84-c9a4cbeea7f4']",56.00,1713122126.38,1713122182.38
"['write-jsonl', 'df248b1f-24d8-4b52-9e84-c9a4cbeea7f4']",0.00,1713122182.38,1713122182.38
"['parse-pdfs', '/lus/eagle/projects/tpc/braceal/metric-rag/data/raw_pdfs/scaling-data/zip-scaling-data/10pdfs-4895.zip']",56.00,1713122126.38,1713122182.38
"['finished-parsing', '/lus/eagle/projects/tpc/braceal/metric-rag/data/raw_pdfs/scaling-data/zip-scaling-data/10pdfs-4895.zip']",57.53,1713122124.85,1713122182.39
"['initialize-parser', '30dd4b83-9e7a-4354-ad18-2afdb39dbe09']",0.00,1713122183.92,1713122183.92
"['parser-parse', '3251c15e-37a9-4c69-b1df-c3b8215b7688']",56.23,1713122128.92,1713122185.16
"['write-jsonl', '3251c15e-37a9-4c69-b1df-c3b8215b7688']",0.00,1713122185.16,1713122185.16
"['parse-pdfs', '/lus/eagle/projects/tpc/braceal/metric-rag/data/raw_pdfs/scaling-data/zip-scaling-data/10pdfs-33379.zip']",56.24,1713122128.92,1713122185.16
"['finished-parsing', '/lus/eagle/projects/tpc/braceal/metric-rag/data/raw_pdfs/scaling-data/zip-scaling-data/10pdfs-33379.zip']",57.77,1713122127.39,1713122185.16
"['initialize-parser', '1da11fa1-2917-47b8-8c18-69d2404aa275']",0.00,1713122186.75,1713122186.75
"['parser-parse', '8d2c2a87-15fd-4bff-abdf-7220bec808d1']",56.40,1713122129.61,1713122186.01
"['write-jsonl', '8d2c2a87-15fd-4bff-abdf-7220bec808d1']",0.00,1713122186.01,1713122186.01
"['parse-pdfs', '/lus/eagle/projects/tpc/braceal/metric-rag/data/raw_pdfs/scaling-data/zip-scaling-data/10pdfs-30759.zip']",56.41,1713122129.60,1713122186.01
"['finished-parsing', '/lus/eagle/projects/tpc/braceal/metric-rag/data/raw_pdfs/scaling-data/zip-scaling-data/10pdfs-30759.zip']",57.95,1713122128.07,1713122186.01
"['initialize-parser', 'b7def504-0c0a-4272-9b62-25e0ee47bd56']",0.00,1713122187.54,1713122187.54
"['parser-parse', '15841aa5-d53e-4271-b0de-4e48a45c1e8a']",57.28,1713122130.96,1713122188.24
"['write-jsonl', '15841aa5-d53e-4271-b0de-4e48a45c1e8a']",0.00,1713122188.24,1713122188.24
"['parse-pdfs', '/lus/eagle/projects/tpc/braceal/metric-rag/data/raw_pdfs/scaling-data/zip-scaling-data/10pdfs-9425.zip']",57.28,1713122130.96,1713122188.24
"['finished-parsing', '/lus/eagle/projects/tpc/braceal/metric-rag/data/raw_pdfs/scaling-data/zip-scaling-data/10pdfs-9425.zip']",58.80,1713122129.44,1713122188.24
"['initialize-parser', '80691345-0743-4358-aec0-5393fe237bf3']",0.00,1713122189.78,1713122189.78
"['parser-parse', '11d454a3-9d90-48e2-9016-dcd34516335b']",57.29,1713122131.06,1713122188.35
"['write-jsonl', '11d454a3-9d90-48e2-9016-dcd34516335b']",0.00,1713122188.35,1713122188.35
"['parse-pdfs', '/lus/eagle/projects/tpc/braceal/metric-rag/data/raw_pdfs/scaling-data/zip-scaling-data/10pdfs-30579.zip']",57.29,1713122131.06,1713122188.35
"['finished-parsing', '/lus/eagle/projects/tpc/braceal/metric-rag/data/raw_pdfs/scaling-data/zip-scaling-data/10pdfs-30579.zip']",58.81,1713122129.55,1713122188.35
"['initialize-parser', '80968e8a-bc4d-42e1-9397-af48f07c0245']",0.00,1713122189.89,1713122189.89
"['parser-parse', 'a49bfab6-4306-4b01-8422-1a780ffac642']",55.55,1713122182.62,1713122238.17
"['write-jsonl', 'a49bfab6-4306-4b01-8422-1a780ffac642']",0.00,1713122238.17,1713122238.17
"['parse-pdfs', '/lus/eagle/projects/tpc/braceal/metric-rag/data/raw_pdfs/scaling-data/zip-scaling-data/10pdfs-36873.zip']",55.56,1713122182.62,1713122238.17
"['finished-parsing', '/lus/eagle/projects/tpc/braceal/metric-rag/data/raw_pdfs/scaling-data/zip-scaling-data/10pdfs-36873.zip']",57.07,1713122181.10,1713122238.18
"['initialize-parser', '5d624915-cf27-4d17-9c25-224adf89cfa3']",0.00,1713122239.70,1713122239.71
"['parser-parse', '3200e4be-3810-4887-8527-e28bf9c94a81']",56.17,1713122182.61,1713122238.78
"['write-jsonl', '3200e4be-3810-4887-8527-e28bf9c94a81']",0.02,1713122238.78,1713122238.79
"['parse-pdfs', '/lus/eagle/projects/tpc/braceal/metric-rag/data/raw_pdfs/scaling-data/zip-scaling-data/10pdfs-36358.zip']",56.18,1713122182.61,1713122238.79
"['finished-parsing', '/lus/eagle/projects/tpc/braceal/metric-rag/data/raw_pdfs/scaling-data/zip-scaling-data/10pdfs-36358.zip']",57.73,1713122181.07,1713122238.80
"['initialize-parser', 'c598c231-8393-4d51-bb92-9ef4a701be0e']",0.00,1713122240.33,1713122240.33
"['parser-parse', '950e86eb-3c8f-4f8f-8a5e-853d3f9f5529']",55.84,1713122183.28,1713122239.12
"['write-jsonl', '950e86eb-3c8f-4f8f-8a5e-853d3f9f5529']",0.00,1713122239.12,1713122239.12
"['parse-pdfs', '/lus/eagle/projects/tpc/braceal/metric-rag/data/raw_pdfs/scaling-data/zip-scaling-data/10pdfs-14430.zip']",55.84,1713122183.28,1713122239.12
"['finished-parsing', '/lus/eagle/projects/tpc/braceal/metric-rag/data/raw_pdfs/scaling-data/zip-scaling-data/10pdfs-14430.zip']",57.39,1713122181.74,1713122239.13
"['initialize-parser', 'c0957837-1335-4ac6-b343-63da19e7328a']",0.00,1713122240.68,1713122240.68
"['parser-parse', '30dd4b83-9e7a-4354-ad18-2afdb39dbe09']",55.97,1713122183.92,1713122239.89
"['write-jsonl', '30dd4b83-9e7a-4354-ad18-2afdb39dbe09']",0.00,1713122239.89,1713122239.89
"['parse-pdfs', '/lus/eagle/projects/tpc/braceal/metric-rag/data/raw_pdfs/scaling-data/zip-scaling-data/10pdfs-5989.zip']",55.97,1713122183.92,1713122239.89
"['finished-parsing', '/lus/eagle/projects/tpc/braceal/metric-rag/data/raw_pdfs/scaling-data/zip-scaling-data/10pdfs-5989.zip']",57.49,1713122182.40,1713122239.89
"['initialize-parser', '74618f86-d5fe-4788-b07d-2962f9f51ea0']",0.00,1713122241.43,1713122241.43
"['parser-parse', '1da11fa1-2917-47b8-8c18-69d2404aa275']",56.22,1713122186.75,1713122242.97
"['write-jsonl', '1da11fa1-2917-47b8-8c18-69d2404aa275']",0.00,1713122242.97,1713122242.98
"['parse-pdfs', '/lus/eagle/projects/tpc/braceal/metric-rag/data/raw_pdfs/scaling-data/zip-scaling-data/10pdfs-27222.zip']",56.23,1713122186.75,1713122242.98
"['finished-parsing', '/lus/eagle/projects/tpc/braceal/metric-rag/data/raw_pdfs/scaling-data/zip-scaling-data/10pdfs-27222.zip']",57.80,1713122185.17,1713122242.98
"['initialize-parser', '2fdbd0cb-fef4-41ec-b94a-e52bc4624f8c']",0.00,1713122244.54,1713122244.54
"['parser-parse', 'b7def504-0c0a-4272-9b62-25e0ee47bd56']",56.10,1713122187.54,1713122243.64
"['write-jsonl', 'b7def504-0c0a-4272-9b62-25e0ee47bd56']",0.00,1713122243.64,1713122243.64
"['parse-pdfs', '/lus/eagle/projects/tpc/braceal/metric-rag/data/raw_pdfs/scaling-data/zip-scaling-data/10pdfs-32648.zip']",56.10,1713122187.54,1713122243.64
"['finished-parsing', '/lus/eagle/projects/tpc/braceal/metric-rag/data/raw_pdfs/scaling-data/zip-scaling-data/10pdfs-32648.zip']",57.62,1713122186.03,1713122243.65
"['initialize-parser', '1876594e-3b84-4644-a2a2-f093cdb5cc0e']",0.00,1713122245.17,1713122245.17
"['parser-parse', '80691345-0743-4358-aec0-5393fe237bf3']",57.30,1713122189.78,1713122247.08
"['write-jsonl', '80691345-0743-4358-aec0-5393fe237bf3']",0.00,1713122247.08,1713122247.09
"['parse-pdfs', '/lus/eagle/projects/tpc/braceal/metric-rag/data/raw_pdfs/scaling-data/zip-scaling-data/10pdfs-5656.zip']",57.30,1713122189.78,1713122247.09
"['finished-parsing', '/lus/eagle/projects/tpc/braceal/metric-rag/data/raw_pdfs/scaling-data/zip-scaling-data/10pdfs-5656.zip']",58.83,1713122188.26,1713122247.09
"['initialize-parser', 'f9bb6555-33f2-4a1a-abf2-27756d2d988d']",0.00,1713122248.61,1713122248.61
"['parser-parse', '80968e8a-bc4d-42e1-9397-af48f07c0245']",57.19,1713122189.89,1713122247.09
"['write-jsonl', '80968e8a-bc4d-42e1-9397-af48f07c0245']",0.00,1713122247.09,1713122247.09
"['parse-pdfs', '/lus/eagle/projects/tpc/braceal/metric-rag/data/raw_pdfs/scaling-data/zip-scaling-data/10pdfs-12689.zip']",57.19,1713122189.89,1713122247.09
"['finished-parsing', '/lus/eagle/projects/tpc/braceal/metric-rag/data/raw_pdfs/scaling-data/zip-scaling-data/10pdfs-12689.zip']",58.72,1713122188.37,1713122247.09
"['initialize-parser', 'd1d41b24-4dab-4a20-a6b8-c4d7095c7b31']",0.00,1713122248.67,1713122248.67
"['parser-parse', '5d624915-cf27-4d17-9c25-224adf89cfa3']",56.46,1713122239.71,1713122296.17
"['write-jsonl', '5d624915-cf27-4d17-9c25-224adf89cfa3']",0.00,1713122296.17,1713122296.17
"['parse-pdfs', '/lus/eagle/projects/tpc/braceal/metric-rag/data/raw_pdfs/scaling-data/zip-scaling-data/10pdfs-24879.zip']",56.47,1713122239.70,1713122296.17
"['finished-parsing', '/lus/eagle/projects/tpc/braceal/metric-rag/data/raw_pdfs/scaling-data/zip-scaling-data/10pdfs-24879.zip']",57.98,1713122238.19,1713122296.17
"['initialize-parser', '74ea411d-73e6-419f-a6a9-3b6660a2098d']",0.00,1713122297.65,1713122297.65
"['parser-parse', 'c598c231-8393-4d51-bb92-9ef4a701be0e']",55.93,1713122240.33,1713122296.26
"['write-jsonl', 'c598c231-8393-4d51-bb92-9ef4a701be0e']",0.00,1713122296.26,1713122296.27
"['parse-pdfs', '/lus/eagle/projects/tpc/braceal/metric-rag/data/raw_pdfs/scaling-data/zip-scaling-data/10pdfs-12339.zip']",55.94,1713122240.33,1713122296.27
"['finished-parsing', '/lus/eagle/projects/tpc/braceal/metric-rag/data/raw_pdfs/scaling-data/zip-scaling-data/10pdfs-12339.zip']",57.46,1713122238.81,1713122296.27
"['initialize-parser', '659ad836-c34b-4fd7-aa16-5fd4bc38757e']",0.00,1713122297.79,1713122297.79
"['parser-parse', 'c0957837-1335-4ac6-b343-63da19e7328a']",56.49,1713122240.68,1713122297.17
"['write-jsonl', 'c0957837-1335-4ac6-b343-63da19e7328a']",0.00,1713122297.17,1713122297.17
"['parse-pdfs', '/lus/eagle/projects/tpc/braceal/metric-rag/data/raw_pdfs/scaling-data/zip-scaling-data/10pdfs-14848.zip']",56.49,1713122240.68,1713122297.17
"['finished-parsing', '/lus/eagle/projects/tpc/braceal/metric-rag/data/raw_pdfs/scaling-data/zip-scaling-data/10pdfs-14848.zip']",58.04,1713122239.14,1713122297.17
"['initialize-parser', 'be876da3-7f1c-4ac9-b38e-0e3a67aa87c0']",0.00,1713122298.67,1713122298.67
"['parser-parse', '74618f86-d5fe-4788-b07d-2962f9f51ea0']",55.83,1713122241.43,1713122297.26
"['write-jsonl', '74618f86-d5fe-4788-b07d-2962f9f51ea0']",0.00,1713122297.26,1713122297.26
"['parse-pdfs', '/lus/eagle/projects/tpc/braceal/metric-rag/data/raw_pdfs/scaling-data/zip-scaling-data/10pdfs-9366.zip']",55.83,1713122241.43,1713122297.26
"['finished-parsing', '/lus/eagle/projects/tpc/braceal/metric-rag/data/raw_pdfs/scaling-data/zip-scaling-data/10pdfs-9366.zip']",57.36,1713122239.91,1713122297.26
"['initialize-parser', '60fce5ab-af65-4dc7-b6b0-886e2ce51e5c']",0.00,1713122298.77,1713122298.77
"['parser-parse', '2fdbd0cb-fef4-41ec-b94a-e52bc4624f8c']",56.30,1713122244.54,1713122300.84
"['write-jsonl', '2fdbd0cb-fef4-41ec-b94a-e52bc4624f8c']",0.00,1713122300.84,1713122300.85
"['parse-pdfs', '/lus/eagle/projects/tpc/braceal/metric-rag/data/raw_pdfs/scaling-data/zip-scaling-data/10pdfs-20516.zip']",56.31,1713122244.54,1713122300.85
"['finished-parsing', '/lus/eagle/projects/tpc/braceal/metric-rag/data/raw_pdfs/scaling-data/zip-scaling-data/10pdfs-20516.zip']",57.86,1713122242.99,1713122300.85
"['initialize-parser', '48fbd855-82f8-44cd-afa6-d543324abdca']",0.00,1713122302.41,1713122302.41
"['parser-parse', '1876594e-3b84-4644-a2a2-f093cdb5cc0e']",56.38,1713122245.17,1713122301.55
"['write-jsonl', '1876594e-3b84-4644-a2a2-f093cdb5cc0e']",0.00,1713122301.55,1713122301.55
"['parse-pdfs', '/lus/eagle/projects/tpc/braceal/metric-rag/data/raw_pdfs/scaling-data/zip-scaling-data/10pdfs-10882.zip']",56.38,1713122245.17,1713122301.55
"['finished-parsing', '/lus/eagle/projects/tpc/braceal/metric-rag/data/raw_pdfs/scaling-data/zip-scaling-data/10pdfs-10882.zip']",57.90,1713122243.66,1713122301.56
"['initialize-parser', '18c55ce3-5da4-4d43-b77b-a3a845f00a72']",0.00,1713122303.09,1713122303.09
"['parser-parse', 'd1d41b24-4dab-4a20-a6b8-c4d7095c7b31']",57.02,1713122248.67,1713122305.69
"['write-jsonl', 'd1d41b24-4dab-4a20-a6b8-c4d7095c7b31']",0.00,1713122305.69,1713122305.69
"['parse-pdfs', '/lus/eagle/projects/tpc/braceal/metric-rag/data/raw_pdfs/scaling-data/zip-scaling-data/10pdfs-2924.zip']",57.03,1713122248.67,1713122305.69
"['finished-parsing', '/lus/eagle/projects/tpc/braceal/metric-rag/data/raw_pdfs/scaling-data/zip-scaling-data/10pdfs-2924.zip']",58.61,1713122247.09,1713122305.70
"['initialize-parser', '3909e315-510c-4295-90bd-e96a3ac30f79']",0.00,1713122307.23,1713122307.23
"['parser-parse', 'f9bb6555-33f2-4a1a-abf2-27756d2d988d']",57.42,1713122248.61,1713122306.03
"['write-jsonl', 'f9bb6555-33f2-4a1a-abf2-27756d2d988d']",0.00,1713122306.03,1713122306.03
"['parse-pdfs', '/lus/eagle/projects/tpc/braceal/metric-rag/data/raw_pdfs/scaling-data/zip-scaling-data/10pdfs-23823.zip']",57.42,1713122248.61,1713122306.03
"['finished-parsing', '/lus/eagle/projects/tpc/braceal/metric-rag/data/raw_pdfs/scaling-data/zip-scaling-data/10pdfs-23823.zip']",58.94,1713122247.09,1713122306.03
"['initialize-parser', '613086ca-9d03-4907-90f3-99f43b94a9c5']",0.00,1713122307.56,1713122307.56
"['parser-parse', '659ad836-c34b-4fd7-aa16-5fd4bc38757e']",56.07,1713122297.79,1713122353.86
"['write-jsonl', '659ad836-c34b-4fd7-aa16-5fd4bc38757e']",0.00,1713122353.86,1713122353.86
"['parse-pdfs', '/lus/eagle/projects/tpc/braceal/metric-rag/data/raw_pdfs/scaling-data/zip-scaling-data/10pdfs-3333.zip']",56.08,1713122297.79,1713122353.86
"['finished-parsing', '/lus/eagle/projects/tpc/braceal/metric-rag/data/raw_pdfs/scaling-data/zip-scaling-data/10pdfs-3333.zip']",57.58,1713122296.28,1713122353.86
"['initialize-parser', 'bcd80a61-0a8f-4a4c-b16b-5a49f758d0a3']",0.00,1713122355.34,1713122355.34
"['parser-parse', '74ea411d-73e6-419f-a6a9-3b6660a2098d']",56.29,1713122297.65,1713122353.94
"['write-jsonl', '74ea411d-73e6-419f-a6a9-3b6660a2098d']",0.00,1713122353.94,1713122353.94
"['parse-pdfs', '/lus/eagle/projects/tpc/braceal/metric-rag/data/raw_pdfs/scaling-data/zip-scaling-data/10pdfs-2078.zip']",56.29,1713122297.65,1713122353.94
"['finished-parsing', '/lus/eagle/projects/tpc/braceal/metric-rag/data/raw_pdfs/scaling-data/zip-scaling-data/10pdfs-2078.zip']",57.76,1713122296.19,1713122353.94
"['initialize-parser', '44b2c91e-f0c8-4531-97f3-8775e86dc125']",0.00,1713122355.44,1713122355.44
"['parser-parse', 'be876da3-7f1c-4ac9-b38e-0e3a67aa87c0']",56.19,1713122298.67,1713122354.86
"['write-jsonl', 'be876da3-7f1c-4ac9-b38e-0e3a67aa87c0']",0.00,1713122354.86,1713122354.86
"['parse-pdfs', '/lus/eagle/projects/tpc/braceal/metric-rag/data/raw_pdfs/scaling-data/zip-scaling-data/10pdfs-13867.zip']",56.19,1713122298.67,1713122354.86
"['finished-parsing', '/lus/eagle/projects/tpc/braceal/metric-rag/data/raw_pdfs/scaling-data/zip-scaling-data/10pdfs-13867.zip']",57.68,1713122297.19,1713122354.87
"['initialize-parser', '03c7dffd-bdc4-4186-aeda-96907cf3da7a']",0.00,1713122356.37,1713122356.37
"['parser-parse', '60fce5ab-af65-4dc7-b6b0-886e2ce51e5c']",56.28,1713122298.77,1713122355.05
"['write-jsonl', '60fce5ab-af65-4dc7-b6b0-886e2ce51e5c']",0.00,1713122355.05,1713122355.05
"['parse-pdfs', '/lus/eagle/projects/tpc/braceal/metric-rag/data/raw_pdfs/scaling-data/zip-scaling-data/10pdfs-18944.zip']",56.28,1713122298.77,1713122355.05
"['finished-parsing', '/lus/eagle/projects/tpc/braceal/metric-rag/data/raw_pdfs/scaling-data/zip-scaling-data/10pdfs-18944.zip']",57.78,1713122297.27,1713122355.05
"['initialize-parser', '050e1b06-5436-4edd-b796-71d5bc91ef0d']",0.00,1713122356.57,1713122356.57
"['parser-parse', '48fbd855-82f8-44cd-afa6-d543324abdca']",56.25,1713122302.41,1713122358.66
"['write-jsonl', '48fbd855-82f8-44cd-afa6-d543324abdca']",0.00,1713122358.66,1713122358.67
"['parse-pdfs', '/lus/eagle/projects/tpc/braceal/metric-rag/data/raw_pdfs/scaling-data/zip-scaling-data/10pdfs-10658.zip']",56.26,1713122302.41,1713122358.67
"['finished-parsing', '/lus/eagle/projects/tpc/braceal/metric-rag/data/raw_pdfs/scaling-data/zip-scaling-data/10pdfs-10658.zip']",57.81,1713122300.86,1713122358.67
"['initialize-parser', '0c0fd828-bbaa-41ca-8c42-31896e7567b0']",0.00,1713122360.23,1713122360.23
"['parser-parse', '18c55ce3-5da4-4d43-b77b-a3a845f00a72']",56.23,1713122303.09,1713122359.32
"['write-jsonl', '18c55ce3-5da4-4d43-b77b-a3a845f00a72']",0.00,1713122359.32,1713122359.32
"['parse-pdfs', '/lus/eagle/projects/tpc/braceal/metric-rag/data/raw_pdfs/scaling-data/zip-scaling-data/10pdfs-31971.zip']",56.24,1713122303.09,1713122359.32
"['finished-parsing', '/lus/eagle/projects/tpc/braceal/metric-rag/data/raw_pdfs/scaling-data/zip-scaling-data/10pdfs-31971.zip']",57.76,1713122301.57,1713122359.33
"['initialize-parser', 'd2311a94-9581-4aab-b418-d4075ec5a999']",0.00,1713122360.86,1713122360.86
"['parser-parse', '3909e315-510c-4295-90bd-e96a3ac30f79']",56.90,1713122307.23,1713122364.13
"['write-jsonl', '3909e315-510c-4295-90bd-e96a3ac30f79']",0.00,1713122364.13,1713122364.13
"['parse-pdfs', '/lus/eagle/projects/tpc/braceal/metric-rag/data/raw_pdfs/scaling-data/zip-scaling-data/10pdfs-23615.zip']",56.90,1713122307.23,1713122364.13
"['finished-parsing', '/lus/eagle/projects/tpc/braceal/metric-rag/data/raw_pdfs/scaling-data/zip-scaling-data/10pdfs-23615.zip']",58.42,1713122305.71,1713122364.13
"['initialize-parser', 'e35cbf73-56ce-4511-a5d0-6733a92f3703']",0.00,1713122365.63,1713122365.63
"['parser-parse', '613086ca-9d03-4907-90f3-99f43b94a9c5']",56.79,1713122307.56,1713122364.36
"['write-jsonl', '613086ca-9d03-4907-90f3-99f43b94a9c5']",0.00,1713122364.36,1713122364.36
"['parse-pdfs', '/lus/eagle/projects/tpc/braceal/metric-rag/data/raw_pdfs/scaling-data/zip-scaling-data/10pdfs-8503.zip']",56.80,1713122307.56,1713122364.36
"['finished-parsing', '/lus/eagle/projects/tpc/braceal/metric-rag/data/raw_pdfs/scaling-data/zip-scaling-data/10pdfs-8503.zip']",58.32,1713122306.04,1713122364.36
"['initialize-parser', '101103d6-13dd-4c55-99ad-c8b1cfa0a409']",0.00,1713122365.89,1713122365.89
"['parser-parse', 'bcd80a61-0a8f-4a4c-b16b-5a49f758d0a3']",55.88,1713122355.34,1713122411.22
"['write-jsonl', 'bcd80a61-0a8f-4a4c-b16b-5a49f758d0a3']",0.00,1713122411.22,1713122411.22
"['parse-pdfs', '/lus/eagle/projects/tpc/braceal/metric-rag/data/raw_pdfs/scaling-data/zip-scaling-data/10pdfs-16889.zip']",55.88,1713122355.34,1713122411.22
"['finished-parsing', '/lus/eagle/projects/tpc/braceal/metric-rag/data/raw_pdfs/scaling-data/zip-scaling-data/10pdfs-16889.zip']",57.35,1713122353.88,1713122411.22
"['initialize-parser', '6477632c-09da-4cd9-9d6e-b5443289a481']",0.00,1713122412.74,1713122412.74
"['parser-parse', '44b2c91e-f0c8-4531-97f3-8775e86dc125']",56.13,1713122355.44,1713122411.57
"['write-jsonl', '44b2c91e-f0c8-4531-97f3-8775e86dc125']",0.00,1713122411.57,1713122411.57
"['parse-pdfs', '/lus/eagle/projects/tpc/braceal/metric-rag/data/raw_pdfs/scaling-data/zip-scaling-data/10pdfs-7335.zip']",56.14,1713122355.43,1713122411.57
"['finished-parsing', '/lus/eagle/projects/tpc/braceal/metric-rag/data/raw_pdfs/scaling-data/zip-scaling-data/10pdfs-7335.zip']",57.62,1713122353.96,1713122411.58
"['initialize-parser', 'cd18852d-5a25-4323-a22d-9df4e4ffa005']",0.00,1713122413.10,1713122413.10
"['parser-parse', '03c7dffd-bdc4-4186-aeda-96907cf3da7a']",55.91,1713122356.37,1713122412.28
"['write-jsonl', '03c7dffd-bdc4-4186-aeda-96907cf3da7a']",0.00,1713122412.28,1713122412.28
"['parse-pdfs', '/lus/eagle/projects/tpc/braceal/metric-rag/data/raw_pdfs/scaling-data/zip-scaling-data/10pdfs-37761.zip']",55.91,1713122356.37,1713122412.28
"['finished-parsing', '/lus/eagle/projects/tpc/braceal/metric-rag/data/raw_pdfs/scaling-data/zip-scaling-data/10pdfs-37761.zip']",57.41,1713122354.88,1713122412.29
"['initialize-parser', '8b861a0e-435c-4147-b96c-2ab9733e70e6']",0.00,1713122413.80,1713122413.80
"['parser-parse', '050e1b06-5436-4edd-b796-71d5bc91ef0d']",56.02,1713122356.57,1713122412.59
"['write-jsonl', '050e1b06-5436-4edd-b796-71d5bc91ef0d']",0.00,1713122412.59,1713122412.59
"['parse-pdfs', '/lus/eagle/projects/tpc/braceal/metric-rag/data/raw_pdfs/scaling-data/zip-scaling-data/10pdfs-17561.zip']",56.02,1713122356.57,1713122412.59
"['finished-parsing', '/lus/eagle/projects/tpc/braceal/metric-rag/data/raw_pdfs/scaling-data/zip-scaling-data/10pdfs-17561.zip']",57.53,1713122355.06,1713122412.59
"['initialize-parser', 'd354ff82-9774-4750-8423-ceab52ee6e54']",0.00,1713122414.09,1713122414.09
"['parser-parse', '0c0fd828-bbaa-41ca-8c42-31896e7567b0']",56.59,1713122360.23,1713122416.81
"['write-jsonl', '0c0fd828-bbaa-41ca-8c42-31896e7567b0']",0.00,1713122416.81,1713122416.82
"['parse-pdfs', '/lus/eagle/projects/tpc/braceal/metric-rag/data/raw_pdfs/scaling-data/zip-scaling-data/10pdfs-26021.zip']",56.59,1713122360.23,1713122416.82
"['finished-parsing', '/lus/eagle/projects/tpc/braceal/metric-rag/data/raw_pdfs/scaling-data/zip-scaling-data/10pdfs-26021.zip']",58.14,1713122358.68,1713122416.82
"['initialize-parser', '85bf7ad8-b9da-4909-bfcf-a76163468e5f']",0.00,1713122418.34,1713122418.34
"['parser-parse', 'd2311a94-9581-4aab-b418-d4075ec5a999']",56.33,1713122360.86,1713122417.19
"['write-jsonl', 'd2311a94-9581-4aab-b418-d4075ec5a999']",0.00,1713122417.19,1713122417.20
"['parse-pdfs', '/lus/eagle/projects/tpc/braceal/metric-rag/data/raw_pdfs/scaling-data/zip-scaling-data/10pdfs-15516.zip']",56.34,1713122360.86,1713122417.20
"['finished-parsing', '/lus/eagle/projects/tpc/braceal/metric-rag/data/raw_pdfs/scaling-data/zip-scaling-data/10pdfs-15516.zip']",57.86,1713122359.34,1713122417.20
"['initialize-parser', '4ab25f60-fd84-434a-b002-f9f07275d214']",0.00,1713122418.73,1713122418.73
"['parser-parse', 'e35cbf73-56ce-4511-a5d0-6733a92f3703']",56.68,1713122365.63,1713122422.31
"['write-jsonl', 'e35cbf73-56ce-4511-a5d0-6733a92f3703']",0.00,1713122422.31,1713122422.32
"['parse-pdfs', '/lus/eagle/projects/tpc/braceal/metric-rag/data/raw_pdfs/scaling-data/zip-scaling-data/10pdfs-11743.zip']",56.69,1713122365.63,1713122422.32
"['finished-parsing', '/lus/eagle/projects/tpc/braceal/metric-rag/data/raw_pdfs/scaling-data/zip-scaling-data/10pdfs-11743.zip']",58.18,1713122364.14,1713122422.32
"['initialize-parser', 'a53e14f0-b072-4718-b901-366d5374e908']",0.00,1713122423.89,1713122423.89
"['parser-parse', '101103d6-13dd-4c55-99ad-c8b1cfa0a409']",56.78,1713122365.89,1713122422.67
"['write-jsonl', '101103d6-13dd-4c55-99ad-c8b1cfa0a409']",0.00,1713122422.67,1713122422.68
"['parse-pdfs', '/lus/eagle/projects/tpc/braceal/metric-rag/data/raw_pdfs/scaling-data/zip-scaling-data/10pdfs-35811.zip']",56.79,1713122365.89,1713122422.68
"['finished-parsing', '/lus/eagle/projects/tpc/braceal/metric-rag/data/raw_pdfs/scaling-data/zip-scaling-data/10pdfs-35811.zip']",58.31,1713122364.37,1713122422.68
"['initialize-parser', '50bac34d-a26e-4f22-9ba6-363b6d67a517']",0.00,1713122424.19,1713122424.19
"['parser-parse', '6477632c-09da-4cd9-9d6e-b5443289a481']",55.95,1713122412.74,1713122468.69
"['write-jsonl', '6477632c-09da-4cd9-9d6e-b5443289a481']",0.00,1713122468.69,1713122468.70
"['parse-pdfs', '/lus/eagle/projects/tpc/braceal/metric-rag/data/raw_pdfs/scaling-data/zip-scaling-data/10pdfs-26605.zip']",55.96,1713122412.74,1713122468.70
"['finished-parsing', '/lus/eagle/projects/tpc/braceal/metric-rag/data/raw_pdfs/scaling-data/zip-scaling-data/10pdfs-26605.zip']",57.46,1713122411.24,1713122468.70
"['initialize-parser', '577fc7fc-bcda-4a6b-bca0-ad1c067c3b7a']",0.00,1713122470.23,1713122470.23
"['parser-parse', 'cd18852d-5a25-4323-a22d-9df4e4ffa005']",55.92,1713122413.10,1713122469.02
"['write-jsonl', 'cd18852d-5a25-4323-a22d-9df4e4ffa005']",0.00,1713122469.02,1713122469.02
"['parse-pdfs', '/lus/eagle/projects/tpc/braceal/metric-rag/data/raw_pdfs/scaling-data/zip-scaling-data/10pdfs-5720.zip']",55.93,1713122413.10,1713122469.02
"['finished-parsing', '/lus/eagle/projects/tpc/braceal/metric-rag/data/raw_pdfs/scaling-data/zip-scaling-data/10pdfs-5720.zip']",57.44,1713122411.59,1713122469.03
"['initialize-parser', 'eb673ffb-1266-464a-bdff-f9bde486698e']",0.00,1713122470.57,1713122470.57
"['parser-parse', '8b861a0e-435c-4147-b96c-2ab9733e70e6']",56.05,1713122413.80,1713122469.85
"['write-jsonl', '8b861a0e-435c-4147-b96c-2ab9733e70e6']",0.00,1713122469.85,1713122469.85
"['parse-pdfs', '/lus/eagle/projects/tpc/braceal/metric-rag/data/raw_pdfs/scaling-data/zip-scaling-data/10pdfs-12610.zip']",56.05,1713122413.80,1713122469.85
"['finished-parsing', '/lus/eagle/projects/tpc/braceal/metric-rag/data/raw_pdfs/scaling-data/zip-scaling-data/10pdfs-12610.zip']",57.56,1713122412.30,1713122469.86
"['initialize-parser', '1179f37f-9391-46da-ae62-c3eab37d3d9c']",0.00,1713122471.41,1713122471.41
"['parser-parse', 'd354ff82-9774-4750-8423-ceab52ee6e54']",55.97,1713122414.09,1713122470.06
"['write-jsonl', 'd354ff82-9774-4750-8423-ceab52ee6e54']",0.00,1713122470.06,1713122470.06
"['parse-pdfs', '/lus/eagle/projects/tpc/braceal/metric-rag/data/raw_pdfs/scaling-data/zip-scaling-data/10pdfs-7214.zip']",55.97,1713122414.09,1713122470.06
"['finished-parsing', '/lus/eagle/projects/tpc/braceal/metric-rag/data/raw_pdfs/scaling-data/zip-scaling-data/10pdfs-7214.zip']",57.47,1713122412.59,1713122470.06
"['initialize-parser', 'f906d095-51c8-4499-b8d2-aaea65afdd8e']",0.00,1713122471.60,1713122471.60
"['parser-parse', '85bf7ad8-b9da-4909-bfcf-a76163468e5f']",56.49,1713122418.34,1713122474.84
"['write-jsonl', '85bf7ad8-b9da-4909-bfcf-a76163468e5f']",0.00,1713122474.84,1713122474.84
"['parse-pdfs', '/lus/eagle/projects/tpc/braceal/metric-rag/data/raw_pdfs/scaling-data/zip-scaling-data/10pdfs-29219.zip']",56.50,1713122418.34,1713122474.84
"['finished-parsing', '/lus/eagle/projects/tpc/braceal/metric-rag/data/raw_pdfs/scaling-data/zip-scaling-data/10pdfs-29219.zip']",58.01,1713122416.83,1713122474.84
"['initialize-parser', '2e201e40-6659-47e0-96fe-93d6fa355196']",0.00,1713122476.39,1713122476.39
"['parser-parse', '4ab25f60-fd84-434a-b002-f9f07275d214']",56.54,1713122418.73,1713122475.27
"['write-jsonl', '4ab25f60-fd84-434a-b002-f9f07275d214']",0.00,1713122475.27,1713122475.27
"['parse-pdfs', '/lus/eagle/projects/tpc/braceal/metric-rag/data/raw_pdfs/scaling-data/zip-scaling-data/10pdfs-32451.zip']",56.54,1713122418.73,1713122475.27
"['finished-parsing', '/lus/eagle/projects/tpc/braceal/metric-rag/data/raw_pdfs/scaling-data/zip-scaling-data/10pdfs-32451.zip']",58.06,1713122417.21,1713122475.27
"['initialize-parser', '15ff8e1c-845f-48ae-bfb7-c713b25a0d90']",0.00,1713122476.83,1713122476.83
"['parser-parse', 'a53e14f0-b072-4718-b901-366d5374e908']",56.79,1713122423.89,1713122480.68
"['write-jsonl', 'a53e14f0-b072-4718-b901-366d5374e908']",0.00,1713122480.68,1713122480.68
"['parse-pdfs', '/lus/eagle/projects/tpc/braceal/metric-rag/data/raw_pdfs/scaling-data/zip-scaling-data/10pdfs-31576.zip']",56.79,1713122423.89,1713122480.68
"['finished-parsing', '/lus/eagle/projects/tpc/braceal/metric-rag/data/raw_pdfs/scaling-data/zip-scaling-data/10pdfs-31576.zip']",58.35,1713122422.33,1713122480.69
"['initialize-parser', 'cf697fd2-e350-4bf8-8d1f-d0b3b092b28a']",0.00,1713122482.22,1713122482.22
"['parser-parse', '50bac34d-a26e-4f22-9ba6-363b6d67a517']",56.82,1713122424.19,1713122481.01
"['write-jsonl', '50bac34d-a26e-4f22-9ba6-363b6d67a517']",0.00,1713122481.01,1713122481.01
"['parse-pdfs', '/lus/eagle/projects/tpc/braceal/metric-rag/data/raw_pdfs/scaling-data/zip-scaling-data/10pdfs-27299.zip']",56.83,1713122424.19,1713122481.01
"['finished-parsing', '/lus/eagle/projects/tpc/braceal/metric-rag/data/raw_pdfs/scaling-data/zip-scaling-data/10pdfs-27299.zip']",58.33,1713122422.69,1713122481.02
"['initialize-parser', '877ef0ae-a665-4786-8de3-54376ed35390']",0.00,1713122482.56,1713122482.56
